task,method,mae,rmse,r2,n
field_reconstruction_0_to_T,wised_reconstruction,0.0026780677909517808,0.00330014178693974,0.9999226841620081,291200
field_reconstruction_0_to_T,nominal_pde_reconstruction,0.002461837951245803,0.0030557502137303918,0.9999337113811413,291200
rollout_T_to_6T,wised_rollout,5.025870848326693e-06,3.628547495747023e-05,0.999999994732971,1456000
rollout_T_to_6T,nominal_pde_from_observed_T,5.771828077107944e-06,3.7543599749473896e-05,0.9999999943613919,1456000
